{
	"start":	{
		"connected":	[{
				"socket":	5,
				"local_host":	"127.0.0.1",
				"local_port":	34105,
				"remote_host":	"127.0.0.1",
				"remote_port":	5211
			}],
		"version":	"iperf 3.16",
		"system_info":	"Linux LAPTOP-O8M86FNI 6.18.33.1-microsoft-standard-WSL2 #1 SMP PREEMPT_DYNAMIC Fri Jun  5 01:12:21 UTC 2026 x86_64",
		"timestamp":	{
			"time":	"Thu, 02 Jul 2026 03:54:07 GMT",
			"timesecs":	1782964447
		},
		"connecting_to":	{
			"host":	"127.0.0.1",
			"port":	5211
		},
		"cookie":	"kqgf4gc3i4adw3zod5njhmfj4kc53i5h6ybc",
		"target_bitrate":	5000000,
		"fq_rate":	0,
		"sock_bufsize":	0,
		"sndbuf_actual":	212992,
		"rcvbuf_actual":	212992,
		"test_start":	{
			"protocol":	"UDP",
			"num_streams":	1,
			"blksize":	32768,
			"omit":	0,
			"duration":	30,
			"bytes":	0,
			"blocks":	0,
			"reverse":	0,
			"tos":	0,
			"target_bitrate":	5000000,
			"bidir":	0,
			"fqrate":	0
		}
	},
	"intervals":	[{
			"streams":	[{
					"socket":	5,
					"start":	0,
					"end":	1.000137,
					"seconds":	1.0001369714736938,
					"bytes":	655360,
					"bits_per_second":	5242161.97334917,
					"packets":	20,
					"omitted":	false,
					"sender":	true
				}],
			"sum":	{
				"start":	0,
				"end":	1.000137,
				"seconds":	1.0001369714736938,
				"bytes":	655360,
				"bits_per_second":	5242161.97334917,
				"packets":	20,
				"omitted":	false,
				"sender":	true
			}
		}, {
			"streams":	[{
					"socket":	5,
					"start":	1.000137,
					"end":	2.00006,
					"seconds":	0.9999229907989502,
					"bytes":	622592,
					"bits_per_second":	4981119.5920401169,
					"packets":	19,
					"omitted":	false,
					"sender":	true
				}],
			"sum":	{
				"start":	1.000137,
				"end":	2.00006,
				"seconds":	0.9999229907989502,
				"bytes":	622592,
				"bits_per_second":	4981119.5920401169,
				"packets":	19,
				"omitted":	false,
				"sender":	true
			}
		}, {
			"streams":	[{
					"socket":	5,
					"start":	2.00006,
					"end":	3.000071,
					"seconds":	1.0000109672546387,
					"bytes":	622592,
					"bits_per_second":	4980681.37559908,
					"packets":	19,
					"omitted":	false,
					"sender":	true
				}],
			"sum":	{
				"start":	2.00006,
				"end":	3.000071,
				"seconds":	1.0000109672546387,
				"bytes":	622592,
				"bits_per_second":	4980681.37559908,
				"packets":	19,
				"omitted":	false,
				"sender":	true
			}
		}, {
			"streams":	[{
					"socket":	5,
					"start":	3.000071,
					"end":	4.000101,
					"seconds":	1.0000300407409668,
					"bytes":	622592,
					"bits_per_second":	4980586.37949471,
					"packets":	19,
					"omitted":	false,
					"sender":	true
				}],
			"sum":	{
				"start":	3.000071,
				"end":	4.000101,
				"seconds":	1.0000300407409668,
				"bytes":	622592,
				"bits_per_second":	4980586.37949471,
				"packets":	19,
				"omitted":	false,
				"sender":	true
			}
		}, {
			"streams":	[{
					"socket":	5,
					"start":	4.000101,
					"end":	5.000085,
					"seconds":	0.9999840259552002,
					"bytes":	622592,
					"bits_per_second":	4980815.5637709554,
					"packets":	19,
					"omitted":	false,
					"sender":	true
				}],
			"sum":	{
				"start":	4.000101,
				"end":	5.000085,
				"seconds":	0.9999840259552002,
				"bytes":	622592,
				"bits_per_second":	4980815.5637709554,
				"packets":	19,
				"omitted":	false,
				"sender":	true
			}
		}, {
			"streams":	[{
					"socket":	5,
					"start":	5.000085,
					"end":	6.000074,
					"seconds":	0.99998897314071655,
					"bytes":	622592,
					"bits_per_second":	4980790.9224806223,
					"packets":	19,
					"omitted":	false,
					"sender":	true
				}],
			"sum":	{
				"start":	5.000085,
				"end":	6.000074,
				"seconds":	0.99998897314071655,
				"bytes":	622592,
				"bits_per_second":	4980790.9224806223,
				"packets":	19,
				"omitted":	false,
				"sender":	true
			}
		}, {
			"streams":	[{
					"socket":	5,
					"start":	6.000074,
					"end":	7.000057,
					"seconds":	0.999983012676239,
					"bytes":	622592,
					"bits_per_second":	4980820.61081231,
					"packets":	19,
					"omitted":	false,
					"sender":	true
				}],
			"sum":	{
				"start":	6.000074,
				"end":	7.000057,
				"seconds":	0.999983012676239,
				"bytes":	622592,
				"bits_per_second":	4980820.61081231,
				"packets":	19,
				"omitted":	false,
				"sender":	true
			}
		}, {
			"streams":	[{
					"socket":	5,
					"start":	7.000057,
					"end":	8.000066,
					"seconds":	1.0000089406967163,
					"bytes":	622592,
					"bits_per_second":	4980691.4691481367,
					"packets":	19,
					"omitted":	false,
					"sender":	true
				}],
			"sum":	{
				"start":	7.000057,
				"end":	8.000066,
				"seconds":	1.0000089406967163,
				"bytes":	622592,
				"bits_per_second":	4980691.4691481367,
				"packets":	19,
				"omitted":	false,
				"sender":	true
			}
		}, {
			"streams":	[{
					"socket":	5,
					"start":	8.000066,
					"end":	9.000095,
					"seconds":	1.0000289678573608,
					"bytes":	622592,
					"bits_per_second":	4980591.7229293976,
					"packets":	19,
					"omitted":	false,
					"sender":	true
				}],
			"sum":	{
				"start":	8.000066,
				"end":	9.000095,
				"seconds":	1.0000289678573608,
				"bytes":	622592,
				"bits_per_second":	4980591.7229293976,
				"packets":	19,
				"omitted":	false,
				"sender":	true
			}
		}, {
			"streams":	[{
					"socket":	5,
					"start":	9.000095,
					"end":	10.000111,
					"seconds":	1.0000159740448,
					"bytes":	622592,
					"bits_per_second":	4980656.4387709145,
					"packets":	19,
					"omitted":	false,
					"sender":	true
				}],
			"sum":	{
				"start":	9.000095,
				"end":	10.000111,
				"seconds":	1.0000159740448,
				"bytes":	622592,
				"bits_per_second":	4980656.4387709145,
				"packets":	19,
				"omitted":	false,
				"sender":	true
			}
		}, {
			"streams":	[{
					"socket":	5,
					"start":	10.000111,
					"end":	11.000077,
					"seconds":	0.999966025352478,
					"bytes":	622592,
					"bits_per_second":	4980905.224499343,
					"packets":	19,
					"omitted":	false,
					"sender":	true
				}],
			"sum":	{
				"start":	10.000111,
				"end":	11.000077,
				"seconds":	0.999966025352478,
				"bytes":	622592,
				"bits_per_second":	4980905.224499343,
				"packets":	19,
				"omitted":	false,
				"sender":	true
			}
		}, {
			"streams":	[{
					"socket":	5,
					"start":	11.000077,
					"end":	12.000056,
					"seconds":	0.999979019165039,
					"bytes":	622592,
					"bits_per_second":	4980840.5021925429,
					"packets":	19,
					"omitted":	false,
					"sender":	true
				}],
			"sum":	{
				"start":	11.000077,
				"end":	12.000056,
				"seconds":	0.999979019165039,
				"bytes":	622592,
				"bits_per_second":	4980840.5021925429,
				"packets":	19,
				"omitted":	false,
				"sender":	true
			}
		}, {
			"streams":	[{
					"socket":	5,
					"start":	12.000056,
					"end":	13.00006,
					"seconds":	1.0000040531158447,
					"bytes":	622592,
					"bits_per_second":	4980715.8125818223,
					"packets":	19,
					"omitted":	false,
					"sender":	true
				}],
			"sum":	{
				"start":	12.000056,
				"end":	13.00006,
				"seconds":	1.0000040531158447,
				"bytes":	622592,
				"bits_per_second":	4980715.8125818223,
				"packets":	19,
				"omitted":	false,
				"sender":	true
			}
		}, {
			"streams":	[{
					"socket":	5,
					"start":	13.00006,
					"end":	14.00011,
					"seconds":	1.0000499486923218,
					"bytes":	655360,
					"bits_per_second":	5242618.13807966,
					"packets":	20,
					"omitted":	false,
					"sender":	true
				}],
			"sum":	{
				"start":	13.00006,
				"end":	14.00011,
				"seconds":	1.0000499486923218,
				"bytes":	655360,
				"bits_per_second":	5242618.13807966,
				"packets":	20,
				"omitted":	false,
				"sender":	true
			}
		}, {
			"streams":	[{
					"socket":	5,
					"start":	14.00011,
					"end":	15.000118,
					"seconds":	1.0000079870224,
					"bytes":	622592,
					"bits_per_second":	4980696.21906773,
					"packets":	19,
					"omitted":	false,
					"sender":	true
				}],
			"sum":	{
				"start":	14.00011,
				"end":	15.000118,
				"seconds":	1.0000079870224,
				"bytes":	622592,