{
  "route": "/?scenePreset=regional&m8aV4GroundStationScene=1",
  "transientVersion": "m8a-v4.11-transition-toast-slice4-runtime.v1",
  "captures": [
    {
      "windowId": "leo-aging-pressure",
      "screenshot": "output/m8a-v4.11-slice4/v4.11-w2-toast-1440x900.png",
      "metadata": "output/m8a-v4.11-slice4/v4.11-w2-toast-1440x900.metadata.json",
      "elapsedMs": 17,
      "toastRect": {
        "left": 23.03125,
        "top": 225.03125,
        "right": 339.828125,
        "bottom": 277.296875,
        "width": 316.796875,
        "height": 52.265625
      },
      "sceneCueRect": {
        "left": 872.5,
        "top": 505,
        "right": 979.703125,
        "bottom": 529,
        "width": 107.203125,
        "height": 24
      }
    },
    {
      "windowId": "meo-continuity-hold",
      "screenshot": "output/m8a-v4.11-slice4/v4.11-w3-toast-1440x900.png",
      "metadata": "output/m8a-v4.11-slice4/v4.11-w3-toast-1440x900.metadata.json",
      "elapsedMs": 13,
      "toastRect": {
        "left": 23.03125,
        "top": 225.03125,
        "right": 339.828125,
        "bottom": 277.296875,
        "width": 316.796875,
        "height": 52.265625
      },
      "sceneCueRect": {
        "left": 505.5,
        "top": 297.1875,
        "right": 593.03125,
        "bottom": 321.1875,
        "width": 87.53125,
        "height": 24
      }
    },
    {
      "windowId": "leo-reentry-candidate",
      "screenshot": "output/m8a-v4.11-slice4/v4.11-w4-toast-1440x900.png",
      "metadata": "output/m8a-v4.11-slice4/v4.11-w4-toast-1440x900.metadata.json",
      "elapsedMs": 16,
      "toastRect": {
        "left": 23.03125,
        "top": 225.03125,
        "right": 339.828125,
        "bottom": 277.296875,
        "width": 316.796875,
        "height": 52.265625
      },
      "sceneCueRect": {
        "left": 815.796875,
        "top": 477.296875,
        "right": 920.546875,
        "bottom": 501.296875,
        "width": 104.75,
        "height": 24
      }
    },
    {
      "windowId": "geo-continuity-guard",
      "screenshot": "output/m8a-v4.11-slice4/v4.11-w5-toast-1440x900.png",
      "metadata": "output/m8a-v4.11-slice4/v4.11-w5-toast-1440x900.metadata.json",
      "elapsedMs": 32,
      "toastRect": {
        "left": 23.03125,
        "top": 225.03125,
        "right": 339.828125,
        "bottom": 277.296875,
        "width": 316.796875,
        "height": 52.265625
      },
      "sceneCueRect": {
        "left": 123,
        "top": 183.390625,
        "right": 216.40625,
        "bottom": 207.390625,
        "width": 93.40625,
        "height": 24
      }
    }
  ],
  "reducedMotion": {
    "elapsedMs": 16,
    "toastStyle": {
      "animationName": "none",
      "transform": "none",
      "opacity": "1"
    },
    "sceneCueStyle": {
      "animationName": "none",
      "transform": "none",
      "opacity": "1"
    }
  },
  "stackCap": {
    "visibleToastCount": 2,
    "stack": [
      {
        "windowId": "leo-reentry-candidate",
        "text": "LEO re-entry GEO will close the sequence as guard context."
      },
      {
        "windowId": "meo-continuity-hold",
        "text": "MEO continuity hold MEO holds continuity in this simulation window."
      }
    ]
  },
  "concurrencyBackfill": {
    "screenshot": "output/m8a-v4.11-slice4/v4.11-w3-hold-concurrency-1440x900.png",
    "metadata": "output/m8a-v4.11-slice4/v4.11-w3-hold-concurrency-1440x900.metadata.json"
  }
}
